CompanyCode,LegacyCompanyNo,CompanyName
1,QDA-8459,THD-GIY-BMI
2,TIB-9779,GPW-XYW-QAS
3,VOM-0390,YOY-WDV-HGI
4,QAN-3383,YCP-XKE-PLQ
5,LZH-2019,WKI-NXD-SSU
6,RGT-6740,KYW-MZB-TCU
7,FQF-8620,QSZ-XRE-BAB
8,ARO-3260,KHU-POR-CXH
9,EWT-7218,YIA-EJL-DNE
10,KRD-3040,BYO-YYG-KUH
11,CGU-3226,XET-KFZ-TYV
12,WAU-2387,IFI-LKL-PIH
13,VZA-9012,GHT-AAJ-HRE
14,FBW-7319,UKB-VSY-IWN
15,XDU-4457,CRN-VUK-DPX
16,LMU-8236,SLO-HCA-DCQ
17,OYJ-6623,QLB-KCC-XMS
18,LDF-9731,BPE-SKH-YND
19,KLU-4591,ALP-CJM-WOG
20,QRS-5648,OGN-WUY-NIT
21,FGT-7922,LPG-CQQ-RHY
22,USL-4177,OCQ-URR-OUZ
23,ZBB-5615,CJW-YXI-IVS
24,MCJ-5774,RAZ-GNV-WHQ
25,UXA-3964,BEC-GPI-UYK
26,QSO-6114,WMO-KXC-TXP
27,DUE-2979,TVJ-NGM-HIK
28,CHS-8666,WBM-OCI-CKS
29,PVM-5133,MNV-HVJ-GXZ
30,KPK-5527,FTN-ATL-XOZ
31,OMO-4752,TVQ-LIB-OOK
32,JDG-2619,JTI-OYI-GCF
33,GCX-3734,JDX-SCR-UFF
34,TLM-7004,CLE-TSX-WYG
35,VXM-1445,BHR-ERL-NDN
36,FFX-3932,BGM-ABV-ZXJ
37,GKF-4685,ILS-NMO-WXM
38,GBU-1420,YPZ-GWR-PKM
39,YKY-8094,EAL-DOD-FAJ
40,LMN-0699,MDR-YMZ-MBK
41,WMG-4041,VHC-ELZ-SWC
42,NBT-6668,LIA-VFN-VGE
43,ZLE-2265,ILF-OAY-UIU
44,OCY-2862,EDC-VYF-HRS
45,SLB-5991,SQK-LGW-UDI
46,MME-6403,GPB-EBB-UPF
47,ESH-6934,DVN-RQJ-QSO
48,VWW-3876,BAT-RIX-VPQ
49,EQV-6908,LOI-KJT-WOU
50,CJS-4756,AWY-FFV-EDG
51,XKI-2290,JBQ-EUR-TEY
52,ENJ-2366,CPF-LCX-NGY
53,DTH-5337,CRZ-XKI-NKQ
54,LOT-8979,RKB-MHX-WSZ
55,YKX-4420,FUB-AJN-NRF
56,HNH-3104,PAJ-ZGV-DMI
57,EAC-5667,RPP-JGA-UMV
58,GON-4023,DOS-CLD-JAM
59,AVQ-6659,DOI-QZV-TFR
60,TWS-0207,YEP-MYF-NSL
61,VFU-9710,PWS-GSD-NOX
62,RSR-9777,GBD-XGU-LZR
63,IHZ-2171,UIJ-RWF-NIR
64,SWW-5491,JQE-XAM-PSY
65,KLB-7871,RPK-XXQ-CAU
66,RGU-8226,YUC-SOJ-KYN
67,PVJ-3079,WMJ-YLG-YVT
68,NNO-2323,ZRZ-RNL-TEL
69,NIW-2586,BYW-JNE-ZAY
70,BLQ-8871,JGD-NRI-TRI
71,QKB-4092,JFE-QZB-RBP
72,RQI-6349,BHW-XPF-ZSS
73,PTR-3276,KOD-REQ-VWN
74,MGK-6945,YRJ-GKE-VTZ
75,JGC-9702,ZXG-ARY-UVJ
76,SJY-2387,FKG-LQB-OSJ
77,WIW-0905,NUX-JFX-FIJ
78,KXG-0365,GAU-ZCD-AUT
79,ACM-5337,XOD-JNY-LHQ
80,WUN-7950,CUI-NEJ-YQB
81,UQM-9819,PFI-DRR-MQI
82,XOM-8456,AHS-UIL-DCZ
83,JBE-7885,SLC-UYS-LWF
84,FYR-6229,ZKC-JPB-JVK
85,GNS-0737,KXI-GBA-GMO
86,VUI-2387,DZC-THF-GRN
87,UFI-0207,YGM-JMY-PHM
88,TTQ-4106,OOK-AIX-WLT
89,KYX-7092,JHB-LBL-NXF
90,UIE-8470,NFS-GGG-CAR
91,NON-7187,JBO-QET-FOJ
92,UFH-7976,CYA-NOW-JAF
93,LTG-4217,BQP-AUL-EBV
94,PIB-3779,RQF-LUR-EBP
95,IWE-6807,DVF-IFT-YIA
96,DCD-7361,JDX-XXF-FJE
97,RDQ-3833,LAI-UJM-RGP
98,JIO-0673,KUJ-MBZ-LWN
99,GCI-9093,GNH-AGM-CPN
100,MZL-5787,JML-NMR-UVF
101,LRE-8519,RMT-QUI-KWU
102,JNZ-1194,NDK-CQJ-KIF
103,JEO-0769,PVS-XTM-YEK
104,YLH-3392,GGD-QQP-NGM
105,ZOA-0409,MDI-RMA-ZVD
106,JFZ-8946,MMK-UGT-ZHY
107,CYV-3349,IKB-PVG-OWD
108,GEW-6673,HHA-BNT-RXC
109,KXB-9322,KAE-FXW-ZDA
110,YRG-1593,PBB-QVQ-TFN
111,VLK-9029,HXG-BNR-WDE
112,FOT-1184,WSE-RRB-OTJ
113,SDK-2218,YIL-VER-SZJ
114,PBD-6456,ALI-ZCE-OCJ
115,SIW-6654,XCG-BTU-CNT
116,TDS-7261,HBF-FKG-GZY
117,SYL-3369,FZU-FNY-PGI
118,NZE-5062,EHQ-HHH-MFC
119,OGC-8024,HZM-GMD-YMA
120,FNZ-4952,TSI-KIV-OPV
121,EOJ-5950,UWB-PSS-RHT
122,GOJ-0939,OIM-SUC-NTC
123,YJJ-6014,VVL-ZMY-ZTB
124,SFJ-6662,CUN-KSH-EPA
125,XND-7900,UII-HIV-EIP
126,FKZ-1814,KHK-RJF-NWX
127,QOJ-9809,KUS-JPB-KNQ
128,KBH-1814,FVO-VBS-QDD
129,BMH-7205,YJS-TVV-SHW
130,AXC-4102,FZU-WSA-MPN
131,MXY-4926,HTN-TDA-KKT
132,MJF-6153,ANS-ARW-AEB
133,DYT-6399,XLH-FRS-LVO
134,GOI-8790,XXX-YQE-LRT
135,EPX-3248,AJH-HAJ-SGL
136,AJN-1260,RTW-HDP-KVA
137,KJK-8066,UPA-IGA-RJZ
138,OTJ-7203,OZA-VUJ-SYO
139,VJW-8246,CNN-MAN-BPH
140,REE-1328,EDM-USM-JVW
141,ZRI-2569,LQT-KTH-CZO
142,SHN-3767,ISV-WTP-XYX
143,YLS-8564,OYC-IBY-OVX
144,FUN-6533,NBI-LEN-DSU
145,KML-7253,TVP-UEB-GMD
146,KST-7226,AXP-OUI-RTX
147,WHK-2658,LOA-TOP-FZT
148,LXI-0123,FGM-FJC-TJJ
149,PXZ-7198,TLY-AKN-GJD
150,VGH-3464,APF-HGE-WRU
151,HPA-2395,WTQ-VBA-ZBY
152,VWD-5095,DCT-QTP-PGG
153,AZO-2209,ISS-ICI-IPI
154,DMZ-8151,LMC-QXM-UJN
155,VGL-6925,EWX-PDL-JKB
156,TIY-1776,OGE-XAG-LDH
157,ZUW-9361,JBP-XNZ-ZRY
158,MOJ-1877,ZAN-NAW-TAF
159,NNU-3028,EIY-JKM-YAS
160,CPC-4665,DPG-WQE-RCH
161,ACN-1657,GCD-DIL-NZP
162,ZAT-6047,KGR-ZEJ-NSO
163,VCD-5991,FRA-WHQ-YTR
164,GQR-7429,WCH-GQB-CVE
165,YMM-6824,ACI-HSV-JEY
166,HOJ-1203,JAA-DCL-QUP
167,CML-9595,GUT-FSM-VSJ
168,VGQ-1419,UQQ-UCH-SVK
169,PIP-8261,HCK-VAY-FRV
170,KNK-6681,OOH-PQH-EPL
171,HFM-4456,AJY-ZPI-ZEX
172,SII-0880,PWS-OUZ-OHA
173,ZUJ-1885,RFE-PVP-QOD
174,XZZ-3497,DWC-AAU-EFH
175,MUH-7663,WCF-LSJ-LNN
176,XXJ-9387,SLW-KBB-PCG
177,YAT-7959,ZSZ-PKS-HIP
178,OZS-3920,OLA-PHZ-EJG
179,ECW-0284,UTT-YYQ-PZS
180,MZY-7486,ENF-VHT-IQF
181,DKL-1167,CHZ-HJX-AFE
182,EGE-3480,PYB-MHL-OPT
183,DGV-1943,TSW-EWR-FXD
184,IUO-4253,ZKC-IQW-ZUG
185,WIS-3259,ZBR-YIN-YRW
186,WUX-3935,JOM-RAC-EFU
187,SJQ-2807,YKE-SSO-NRV
188,XTR-5570,GAJ-YBM-IJX
189,YOZ-7937,VXX-FMI-WLI
190,QUO-5147,JNE-TWQ-YNK
191,NYS-0170,QJA-AQR-FXQ
192,CMX-8563,GMD-JCM-OGC
193,UNU-1986,NWM-MJT-FQK
194,ZII-7409,EUR-IKF-DYO
195,TDU-5714,JWU-UQW-FXJ
196,UKW-1812,LWE-ZEQ-PFI
197,BUW-4128,ZFO-FFG-RZO
198,TTK-9755,KMV-DTX-TDV
199,OXQ-4362,NJE-CGC-ULA
200,RJY-1870,HVP-QCO-XJG
201,HFJ-8513,COE-JVA-NBV
202,EPZ-9256,TGJ-WGB-UNK
203,ZHQ-3373,CPD-RKY-ZFW
204,ZOZ-0186,YBK-RNG-UAB
205,RFK-1949,ZTQ-FMI-CVI
206,UHH-9951,IZH-ZNV-UWK
207,PTS-0219,ZAW-LKH-CKI
208,SWY-4594,HVL-LCS-SZS
209,TXL-7920,DIT-WRO-WJT
210,WYX-1950,CIT-ASL-RMW
211,OPE-8584,CMB-BRG-AWL
212,IXU-3136,IPR-VIM-OQM
213,VDX-4354,QDU-WSY-BEF
214,ISF-8631,OAK-WXW-BJL
215,UEG-5176,LKN-TAX-VWB
216,SZU-7096,QVG-SNK-JTK
217,JCV-0032,JZS-EYC-IUK
218,DDP-7683,FDS-CHR-MXN
219,WXX-2284,FHV-YPM-CKW
220,DBZ-1651,LYU-CBL-BHO
221,CSA-1521,UAG-OLD-IEM
222,YHN-2771,TYG-BFO-INF
223,NSD-2836,GTQ-OXB-KBQ
224,VZG-4267,XFM-GZS-HCU
225,LLK-2772,KUH-VUU-JFV
226,VSB-7807,MRZ-QCA-IJU
227,CID-9556,IXF-TTL-FCB
228,NOS-8226,LFS-ZHJ-KVF
229,TYS-4918,KKW-QIN-BII
230,IHG-4069,WPK-DGC-NVC
231,JEO-6560,SDB-AKM-RTA
232,FQL-6852,SMB-KKJ-ZPF
233,DMJ-2865,ILQ-BRG-AUZ
234,YAP-9518,BQB-JOL-GOJ
235,AMP-2647,DJN-EQN-QUC
236,LNR-3683,PED-NRP-VQJ
237,BEX-0488,FHV-GCX-JMR
238,HTB-8880,VIL-JYK-ORB
239,SOV-5777,HDU-IMA-DZH
240,JCH-8389,VOB-GEB-FXJ
241,JMZ-1139,OAV-BDW-CEH
242,ECC-2971,SPW-XOE-ZLM
243,WTK-0272,XPC-SAE-EZK
244,JHU-4550,SGF-IKH-UZV
245,QPF-6853,DVE-EEP-NDK
246,JMJ-3786,YPA-NIY-GWH
247,RYY-4212,GYI-IPU-GQE
248,XVC-9212,QLW-WRV-HIG
249,TUM-2906,HQQ-HOS-INO
250,BME-7189,JWT-AUA-VTV
251,WNH-3305,ILH-FPE-TQP
252,PEB-7357,YNH-CHJ-PDV
253,XYR-2511,CDS-LST-QFL
254,VGC-5453,YBO-MWI-ZBE
255,TAX-7654,TGX-BFS-IZI
256,DQC-9690,JYO-DGH-YAC
257,PQA-6608,BKL-BPN-QLT
258,ODB-4040,ZAG-RSX-OHM
259,XNX-2346,XDV-VUH-BPU
260,SQA-3677,YQM-UUH-IAR
261,PKG-4267,MSE-ZLP-JKM
262,AKS-5948,HZV-JQH-UHA
263,ZPL-5017,VAY-VKL-OIZ
264,POG-3440,SBL-NSS-TGD
265,LNN-7136,LWR-LHF-MIL
266,YBW-6666,XMM-BZW-ZQE
267,KVG-8744,DSM-OJI-MCV
268,XEF-6329,DFY-NEP-LPC
269,FCS-2111,FZJ-DQG-NRP
270,FXB-0720,JVI-HSC-WAE
271,GJL-1303,EKS-UIT-RCU
272,RHK-3112,VPR-NQB-BBM
273,JJL-0310,OLN-NRS-ZLA
274,YSU-3422,VYQ-RED-DJU
275,PHV-9499,TXL-GNH-PWJ
276,XMV-6039,QVR-TLP-BIF
277,DLJ-7493,BAC-UNQ-GLH
278,ZOA-3598,PGG-VIL-EVY
279,SHP-6141,TTQ-CGG-ODB
280,RUL-6638,BIS-BVN-CCL
281,FHA-1835,OHL-RSO-PTC
282,LAT-3149,BNR-WFL-SNE
283,NLC-5822,JVU-JEQ-BEU
284,PSK-7917,GJP-ESI-CYX
285,MEW-0412,OCT-TZY-BRG
286,TWH-8601,YHR-OSV-JBH
287,FGC-8863,VID-MEM-RLH
288,RDU-9683,TXY-NTM-OWO
289,UMR-8609,TMC-DTM-NNS
290,EVE-2573,JZG-IYV-UCD
291,RCZ-0779,NDV-YUE-LID
292,NXW-8497,ZQP-ILL-OLX
293,DZZ-9078,MXN-UMH-IQC
294,WWD-9641,OGH-FXO-FTY
295,SIZ-0055,MJX-AOL-QOB
296,ORT-1013,QER-OPW-FBW
297,IFP-5840,GAI-PGD-BSB
298,MTA-0131,AAG-JPJ-JZO
299,BQJ-5619,QEH-KHO-GHD
300,UCY-4412,IYW-LQH-XPS
301,ECX-1062,WYQ-SFC-IYE
302,KXO-2957,PME-VQO-BWL
303,GAE-9734,CTU-THJ-RZT
304,ZGV-6014,ZAQ-UST-INO
305,DOA-9588,RWP-XNC-RZA
306,DBU-4610,CCS-GNJ-XVB
307,LRG-7338,VXI-ITA-IDJ
308,UYU-7750,LHV-FOE-SBN
309,QYT-2551,BCT-OQY-RHB
310,PKZ-6383,MUK-RHQ-FEP
311,YUC-5531,RQD-AJP-BEK
312,BEQ-0951,VGI-OUZ-JCH
313,ZYH-9331,LZM-DYG-RXD
314,SOW-0284,XKC-NTX-TOY
315,BHS-5742,UBD-IAE-AFL
316,EOR-8740,PIH-NNP-UDQ
317,KBF-3819,YJT-QIH-SKQ
318,REP-4763,OKG-OWD-TPK
319,QZW-1988,HDW-VDJ-NCQ
320,GYB-2729,BVI-MRN-VOX
321,HTI-1240,UVN-CMU-VHN
322,AEV-3876,CTR-SVL-UEO
323,TKH-0000,UKG-MGC-QAC
324,HOL-1802,VLX-NKG-GAM
325,IQZ-4420,NCG-LXL-BRJ
326,KRL-0849,YEG-IOD-GHV
327,NTK-1803,BBQ-NEP-UMM
328,INS-4810,EZL-VMH-TIA
329,ZNE-3083,IJO-CQN-AYF
330,ZRX-6715,EWE-QWG-PMP
331,NTZ-3386,VTN-XIR-CFJ
332,CHV-5343,AMM-DTW-TIV
333,DVD-2276,JEU-FIE-EEV
334,IWO-7831,ATL-JDT-TDX
335,KAH-5311,VYH-DOK-WSS
336,XRL-4721,BGN-BWH-PDW
337,ZYH-1906,TXF-OQW-RJZ
338,PHU-1104,ZJA-WDA-WID
339,RDN-0180,XNX-RDJ-BPJ
340,ELN-8293,QSG-OKF-ZBQ
341,WLL-0271,KWR-EZJ-ZKW
342,MAV-9644,KQR-AJI-QSV
343,BXJ-6567,GII-GLJ-BYQ
344,UEM-4009,JHW-JSX-HVG
345,WDF-0335,VRZ-IDJ-XQW
346,FVJ-4650,VGR-CWH-PWQ
347,GVS-2300,MIE-BLA-JOX
348,ICI-1712,YXJ-GER-OGQ
349,UUJ-3617,PVL-VNH-NSX
350,APA-4727,QPO-PLO-XXU
351,PGM-7423,YUV-PBK-HIA
352,KVG-7341,TAP-FRN-PFD
353,JJQ-8120,LUX-DCA-BPQ
354,KXC-6101,PRF-COA-AOP
355,UAE-4196,OBK-KHB-ZWV
356,WUB-3267,WBM-TJJ-TRH
357,NBJ-0761,RKN-BJJ-IGA
358,XXO-1304,BTO-TSU-MEP
359,OIA-7201,RVN-KCQ-PPG
360,DFT-2690,NJY-SLD-UYJ
361,MBV-1312,BGC-DHQ-PXO
362,UKN-6403,BLN-TXP-KZK
363,EVR-9612,ZIM-GGO-CIP
364,NCL-9087,BFB-KZX-FVJ
365,MZZ-7355,PVE-SBR-BCZ
366,GQU-7833,HNC-YRY-LVB
367,YHE-7532,CIT-SLB-TJY
368,FPS-2192,FXG-YNV-NHY
369,GEI-2783,DBF-SVC-PLK
370,XTZ-3601,ABW-PNF-WML
371,NQJ-0734,VIQ-MEE-WVM
372,UKZ-9197,XIR-BZG-KRW
373,EGR-0165,HKJ-HPM-XTM
374,LZS-9268,KBB-QDA-PEQ
375,DCO-9680,VVV-NWU-AOY
376,JSC-2845,LKV-KCK-HPP
377,YWO-3625,GIX-ZAC-CTY
378,UBW-8807,VPF-XOY-WLA
379,ZPO-7332,JZJ-XVZ-RAY
380,UYS-5830,SZD-GLB-LEH
381,WBZ-5229,EZB-THT-TWQ
382,MJX-8982,ARD-SMF-UTJ
383,PMR-1671,TZA-SAR-WNZ
384,OTC-3377,HOO-HIV-HXT
385,NMZ-0236,EAZ-TMX-TAF
386,UYW-1249,HVS-RQV-ESR
387,SSI-6365,TSK-VYF-GGZ
388,THZ-2167,BWV-RYQ-ASU
389,STV-9377,PTI-KKT-JBX
390,ZQO-8494,KJW-WCR-TSD
391,IQZ-8912,BET-FFT-DNV
392,MDG-2159,YJS-OAA-CTG
393,WVY-1820,ODD-CZM-OUW
394,QYD-6780,OBT-CPR-CJS
395,DPF-5351,RNX-HCS-QHD
396,MJB-4572,GCT-IIA-XJY
397,OJX-2791,AZB-UVK-BTX
398,EMO-4102,NLG-ANQ-TTY
399,JZF-1394,WCA-MQD-OTG
400,YMY-5720,HZH-YER-WLQ
401,MBI-1940,KVG-MUM-SEC
402,JOF-9243,ZLK-YRK-YPT
403,ZXN-6000,CIJ-WDM-POL
404,UEB-8594,CJG-RGP-SZM
405,ITL-8977,EVK-GLU-BTQ
406,BTM-0233,ODV-RBY-VDS
407,WPS-5753,NMJ-JYT-OUQ
408,BWR-0678,MEM-LCP-DMU
409,KLP-6517,AVS-OLQ-MDY
410,QIM-0202,CYM-DMD-BEN
411,VWZ-6732,EGL-RLJ-WLS
412,GGR-6024,NES-YXB-AIL
413,QNT-6149,EAI-DLO-NFF
414,NKP-1034,EAO-EXW-DDN
415,GST-6593,UQL-ITI-WKV
416,DDY-2851,YVJ-GZK-BBC
417,TZB-6478,DRU-FSQ-OUA
418,GXK-4378,DHJ-INB-EQV
419,WME-5269,DQO-UXZ-QBQ
420,WHX-4728,MGK-XEF-IYD
421,CXB-1594,QTN-VXB-ECY
422,REF-6488,JBS-TGK-YGY
423,WHB-9777,VKS-WCW-TME
424,EFV-7078,VNQ-AWR-ASY
425,KIN-2191,SDL-YEC-KZL
426,SWD-5315,DDB-JGO-WHM
427,NGH-0867,BLB-UZA-DCA
428,LKJ-7011,XCY-DES-CZZ
429,IED-5235,WRE-AWD-THP
430,BGH-8865,XMB-KZL-IDX
431,LUZ-5666,YKN-IWM-EOJ
432,LVA-5485,BKH-IRN-IBA
433,DKO-7558,DLI-ULO-BCT
434,MEZ-2729,OGS-GJA-LNI
435,KTY-1385,ZRR-UCI-QUE
436,EZY-1057,VML-BNP-DLJ
437,MLN-4885,TZO-UAT-ZVI
438,XRF-4758,DTU-CUA-PXP
439,WFU-0831,TAJ-EWH-QBY
440,VHO-0872,VJR-ZLC-HPS
441,RQE-7037,FMX-LAQ-ISX
442,TDH-8956,HOS-VKW-GZV
443,VVB-6997,RNC-GKR-BSF
444,RLD-5103,LDV-DKC-YWG
445,PUF-6238,OPV-ZJI-CPT
446,SSX-4755,ACH-GHC-QMT
447,SGT-3310,HVD-VRD-CNB
448,HUE-2682,QGY-AOL-KPT
449,CBA-0633,CPJ-ELA-ZWS
450,KOX-9963,EHC-MPQ-WYX
451,VJI-9749,AUU-UZF-GXN
452,SWU-0148,AQQ-AEM-KNN
453,AMQ-4463,FWT-YCS-NSJ
454,JIU-6451,FJE-NAW-TXB
455,NNJ-0701,BGS-TKI-BAI
456,WXG-1032,DSI-URZ-PPP
457,BQT-0505,YDF-AST-EKD
458,EFM-1514,MKY-WHG-OIP
459,PYF-3623,USH-HVG-KJZ
460,OPD-9464,ASB-OCV-IRZ
461,OKA-4189,OMZ-FPR-FOK
462,PDL-4616,ATD-WLS-VFP
463,NFW-6680,FEU-ECQ-WTJ
464,FOE-9812,EZU-RMR-MDD
465,OXE-1682,HZZ-RBK-CJZ
466,YSI-7967,ZQY-XFC-VAX
467,GIN-3215,NWB-QKU-MBJ
468,ZMH-6377,VDV-KNN-BHX
469,BGO-8272,QRX-RVC-MWT
470,FSC-0429,ZKE-SUB-YCG
471,PPA-0792,RZN-RLP-COA
472,PGC-5371,IIM-VNF-BCE
473,VXL-1918,CQL-MLN-ETP
474,STF-9302,ZAX-RVT-HMW
475,TNM-9653,DSB-JME-BAL
476,ZTI-5674,KPA-MHC-DRL
477,NDG-9436,NZN-JZQ-QGL
478,MQF-6115,YKH-OGP-BLW
479,MEQ-5867,RES-ADV-VSB
480,HTN-2922,SUM-NFQ-PWC
481,JRV-6877,WBC-LQN-HZU
482,UTP-8674,CWM-KOS-RZL
483,WHQ-0163,HIY-ZVI-DLW
484,AZH-7582,DLZ-DXY-OIZ
485,HVT-6535,PHL-UAG-YFS
486,JPJ-1461,QFG-OXS-MQR
487,QNJ-2925,QZW-CWL-NFK
488,UGA-3669,CXN-PJT-BFI
489,TVZ-4098,ULX-VDB-VSY
490,DSD-0382,KRD-MWT-RWR
491,HOU-8963,DMQ-RVG-JSM
492,TWX-0339,NGN-AXK-UPR
493,STN-9546,TBH-JUV-VUQ
494,KRR-6531,QUM-EXG-MUH
495,WKF-7636,FGY-EOK-RYX
496,XVO-1591,ZJQ-JMK-MTM
497,PBY-9775,UCV-NME-GNO
498,PWA-9180,LIH-JBH-NKJ
499,QVM-1058,OMR-REX-BIW
500,YSD-6642,ABF-JIJ-IOV
501,UDT-9695,NTR-BNG-TBX
502,PMM-1103,CYY-LNN-XDQ
503,BHC-8976,IWR-BRM-ZNE
504,PEO-4771,CWR-NPK-QIY
505,JZA-6543,ULM-SEO-FHQ
506,GBQ-3510,DQC-LIX-MYI
507,AIH-3863,SEQ-UVT-UXZ
508,SVE-0581,OTP-RPH-KJD
509,CKI-1149,DAK-IBH-QRC
510,TTN-9965,AXG-FVY-AJZ
511,HKQ-1054,CLK-FUX-EDJ
512,QAO-8843,VRG-ZTU-AOJ
513,UGW-4601,BXW-MFU-FZB
514,ZYW-7431,CDF-ZRA-PEC
515,TDD-5113,RQE-VYN-YJX
516,LMI-8856,OOV-UFQ-SMS
517,HDD-9225,DPD-VSV-CYN
518,HPX-4975,EJA-DSE-EEJ
519,IAM-9158,SDC-MRG-ZHL
520,ZJU-7606,MRD-SOT-MGO
521,OFQ-7575,PSI-UBF-XJE
522,HLX-4158,EZE-GZC-UUX
523,UOO-4387,XQS-EGK-TSV
524,UQK-8298,QVE-KCH-CHT
525,DPS-2440,UKX-VPW-VUT
526,MME-6040,OBK-QCN-QNF
527,LJU-4953,RXH-RIS-IZK
528,XNG-6390,DYX-NIQ-IWJ
529,LHA-4309,HIO-DCR-NHO
530,QOK-6323,TWR-NED-TST
531,MNO-2707,XUM-ZJF-LGE
532,BBY-5508,LAW-EXO-WCZ
533,CFW-4595,CBQ-MVO-GEB
534,APP-8663,GOQ-BKI-JQU
535,XJS-4286,NYK-OLQ-NJW
536,NDP-0621,PIJ-HAO-TUZ
537,HAU-1102,LTV-ZAI-NSS
538,XLN-8477,TOO-LPF-TDP
539,BHS-3573,ZGH-RPX-PYC
540,NWH-0637,ANX-OPU-NEY
541,MBO-9079,QQO-GZT-BJA
542,DBW-4932,WPK-GMS-FAK
543,WEK-7043,PJX-EVT-NVL
544,ABR-3821,GCZ-DFI-CMZ
545,BKX-2727,GNB-LZB-DLY
546,MDR-8981,NPB-LAC-LBY
547,WSY-2642,VKF-LZR-LVQ
548,AQN-9105,YMS-GDL-QJG
549,ZXD-6105,SDZ-CPZ-IZE
550,ZUH-2843,LVU-MUU-LDS
551,EIX-3691,UFY-UDQ-BFV
552,RKL-7415,SIF-CZY-OQK
553,VUS-2332,GPR-ZNS-UAP
554,ODZ-1960,KBQ-NQA-YHL
555,VTY-8024,NDJ-UTW-TOJ
556,RIL-2415,JWL-SQW-CZM
557,ODA-7999,YSW-RNK-KWX
558,CBO-8541,HUM-DEY-SUM
559,VGZ-9157,HAY-LFA-HNQ
560,LIH-8294,JDK-CUX-BQH
561,OTW-6765,TUC-TIW-YMB
562,VEN-7275,VUN-GHG-JTI
563,WGJ-2071,GFU-CLY-YNZ
564,NZK-8360,MWZ-WFX-GRE
565,RSQ-3507,RAM-BFN-CFX
566,ZWB-3479,ABQ-WYL-LIB
567,HZY-2550,NLV-CPP-UQE
568,DTG-5600,UIO-YXU-FMY
569,KNI-0063,HVM-TNQ-OBY
570,JKR-3141,TPK-ZLH-TTP
571,VMF-6110,OMD-ZOI-JTA
572,LBT-4030,AGI-QLO-MLJ
573,PJY-3990,QPJ-MAY-VNJ
574,ASW-6504,FOQ-RKK-VDE
575,XRK-4539,BAY-LJV-XZR
576,ZCQ-4235,BZN-QJR-HHO
577,JPZ-9375,JAR-XGV-URL
578,BIC-0321,EHM-VRK-UVS
579,YDO-9804,ROQ-CWW-CYX
580,PRP-7829,CQY-QEU-DKY
581,BWW-5475,VXQ-SFA-UTW
582,ZWP-5868,AHO-BCR-GMK
583,VDB-4511,ZRT-CCD-AAR
584,UFB-9874,BGU-VAQ-HTU
585,NDS-0871,ONB-NOZ-IWT
586,YYG-8503,OUE-AQY-BLH
587,NYG-1032,PPH-APB-CUL
588,SGB-0048,EMN-UMD-MQU
589,VBK-6602,SVY-JND-XTW
590,HJA-8296,RKC-IXI-GEP
591,NMZ-9223,DHX-SXG-MDU
592,KFZ-4488,OXN-YQB-PCE
593,ADX-6371,BWQ-SMF-NYZ
594,YIY-0178,LYE-SLY-ORL
595,PVG-0099,AOI-CVP-FFL
596,JUW-3869,GKJ-NXS-XYX
597,WTT-9553,PCY-JZW-VNE
598,ORP-1671,OIZ-FBU-HQL
599,RMH-6818,EET-GYE-BYG
600,JNH-0748,GYM-TYB-DQX
601,NDM-0020,PZT-RHS-ORT
602,NNL-0959,SUV-DIA-GVH
603,RJR-3717,PRX-LEC-YOI
604,DRY-0270,KBO-XAT-VLP
605,MUS-9311,DQE-HJU-VNG
606,JXZ-2926,DRG-BYV-ODR
607,DYI-3439,YES-SRI-YUE
608,HPW-4562,CVN-FKA-QUM
609,KCM-0475,PLJ-CJT-UFT
610,MKC-2270,NII-XKB-CRQ
611,RVU-7718,KMG-RAR-DIY
612,OYN-1310,MIX-WEL-XVB
613,XOV-8535,DSK-XSY-QOR
614,BKI-7853,OXW-OAD-XPC
615,NMK-0359,PHK-PKE-GOO
616,XVN-6332,SFS-QKV-UHI
617,JQW-4069,TIN-QUS-PLG
618,SUD-1797,FLU-RXU-UNA
619,WHS-4918,WZI-NIC-QOF
620,SNZ-1567,VPH-LSX-AJV
621,RLF-1828,XKW-KIW-CRJ
622,PNE-5186,DOA-IQS-KTD
623,YQV-5135,KXG-WTL-EYC
624,REH-9949,IJJ-KEF-SPC
625,QTA-7889,KJC-HSZ-NMP
626,CEZ-6961,NNL-NDZ-XRC
627,ZGJ-7038,CQJ-XAG-NFA
628,VIG-9138,HXZ-UYU-ZUW
629,QNZ-5170,ERX-MQH-WBP
630,BIY-5372,UOX-SRG-KHX
631,IFK-1955,TWK-TOZ-TYR
632,PLT-0577,NXL-ALO-YKA
633,YKZ-1031,RNS-BFM-PIK
634,CFH-4241,QOB-FDB-XTT
635,XUX-6289,HJY-ASR-QTZ
636,QCR-3039,BWZ-MNS-XKK
637,FSC-3623,XTH-NFT-FHZ
638,LAQ-6844,PSM-FNP-LCJ
639,HZO-9339,VCF-QTW-ZTS
640,NGC-9167,BRV-VCA-YGP
641,URT-2230,HMP-MKS-ZAY
642,EUC-8336,LNN-OTX-ESC
643,PIJ-0718,WKB-GWG-APN
644,AJA-4533,YOO-HRW-EIE
645,SJE-8204,RMN-VZC-MIC
646,VVL-4671,PXR-QUU-JAQ
647,WWK-8109,JCO-LEB-VYM
648,NXL-4791,SZE-BVD-DXZ
649,DYB-5305,RVP-SIT-SML
650,ENM-9489,VYO-ELW-NRS
651,CVF-5264,GMK-QIF-GOI
652,QMU-4551,XNA-COL-KMA
653,WUS-7913,ZCF-FUX-TJS
654,MER-9686,JGE-AQC-NVC
655,ZMM-5178,IVF-XMK-UVS
656,URY-5802,RTQ-HGK-OIV
657,BSL-1971,ZJG-VDM-WEM
658,PCY-8717,FJW-AEN-ANR
659,WMP-7329,QZZ-GBZ-OOG
660,ZSA-0624,VUL-XQV-ODW
661,RLL-9185,KLQ-SQM-SJX
662,EMJ-1744,JND-LXQ-VQQ
663,CUH-8166,UBB-ONV-OYZ
664,UKO-2055,HIZ-JIT-ZJL
665,ECC-9319,EPP-YVD-ZLO
666,YWX-3708,PBY-HHL-QJP
667,PZP-4720,BBN-FNJ-ONU
668,JZB-8375,LEC-OWG-LXY
669,TEH-7824,MTT-FUB-WLD
670,GQW-3240,DNP-FZW-UHK
671,KUP-0330,CVU-ZUN-DNW
672,MVB-0979,VJD-QHR-NYS
673,LPX-2146,USX-HLR-GFK
674,RQO-5524,QOU-MUW-NWB
675,XLI-0972,KYK-FWX-BHW
676,JQI-4459,QHQ-MPZ-FZB
677,IRR-6136,ZTC-DAS-WMM
678,WRF-0343,EDT-ZYN-SFT
679,JGD-0571,DRY-EZI-WVF
680,QCA-1921,RZG-YAH-RTO
681,NXD-7380,EMY-BMU-ECV
682,INY-2147,WLJ-EJI-DJO
683,DQM-9993,QWD-OPI-GWV
684,MRP-2052,COA-EMB-SXY
685,EJG-3518,KBS-WLI-LCF
686,UOQ-0815,EVM-VIL-NEG
687,WSB-7794,YZN-TEM-KUH
688,WGH-6082,IWL-BOF-YEI
689,OFH-4003,UWI-PNS-YIB
690,SSI-2686,ABK-PTF-SBN
691,YUH-4916,TFP-JJT-TQZ
692,ZDP-5166,NLW-YJM-QLM
693,VGX-3870,GIG-OTX-ROF
694,KSX-4864,XIR-IDO-YEW
695,YOU-7254,JJM-GLB-WQD
696,OEY-3222,RBK-DWN-HXQ
697,JEW-8150,IJQ-LBE-CKS
698,ZIJ-3697,UJI-FXB-UCC
699,HLB-9166,TGN-OTB-CZX
700,SXR-3921,KHU-QFX-WHD
701,SKO-5953,JWX-WWH-ZJV
702,BYE-7376,ALG-UNS-BJY
703,IIZ-7784,FME-OJZ-LAU
704,FEG-7315,NDE-AGT-GUW
705,KHM-8926,LYD-SRT-AMI
706,DAO-7809,LNU-UEZ-YNO
707,AHM-1557,WEM-GLI-SZW
708,MSN-1520,BIQ-YBV-UFU
709,PJM-7109,SPG-OBJ-XIX
710,TPK-8520,YQN-IBA-IDR
711,LFQ-4344,KQG-GMF-FMC
712,KUS-4680,IIM-OFI-IIH
713,PTC-0023,IKP-CMF-JHA
714,APA-8795,PGJ-LBR-YRR
715,VCV-6987,VZN-EWU-RZB
716,XHU-5559,VWD-LCL-OXV
717,CKV-4180,ONJ-LSR-DRR
718,HVC-3385,DPG-UMZ-QLS
719,DUJ-8562,PBB-MNR-RBV
720,BJF-9434,AYH-VAR-VXD
721,TVQ-9104,POH-LOG-GJQ
722,OSI-0630,QHA-SBQ-CNF
723,ZGD-2051,RDB-YKX-EIL
724,UCV-1847,UAC-DVA-CIC
725,HQR-0474,JIA-YNM-NIU
726,EDY-1430,ZJF-UUB-AIZ
727,HMB-3545,BEA-JVG-TXQ
728,WYB-6971,URV-EGS-TXE
729,LJC-5227,AFV-FCZ-WFD
730,NNH-1181,THM-AUW-BQG
731,MQZ-6865,QDX-NWZ-UYC
732,ONR-1007,NTH-DUB-INM
733,NWE-8619,TIA-UZI-GNO
734,SQD-4049,TTE-MSF-MAN
735,UMH-0251,BAY-TXC-PZS
736,JPT-6487,ZHH-SDW-ODP
737,IUF-6960,ASY-KSW-AYI
738,RGR-1752,OHI-ZHC-XAC
739,AFU-4434,NJF-MXZ-UAM
740,IGV-0229,FLS-LBR-XGT
741,LTK-4701,XXD-CXL-MRS
742,WKQ-5714,YJE-UHA-JCZ
743,BLW-3063,OLK-XGL-WXT
744,SKA-1183,OUK-SRQ-UVC
745,RXR-8582,XAR-MDS-IQT
746,LYR-9950,OCA-NKV-TWG
747,DEX-9646,TWV-NUB-ZLZ
748,SSI-2641,XQI-OPK-SLZ
749,NHD-0767,DSZ-IKD-DXY
750,IZL-5960,LWT-JPY-PXF
751,DPA-0065,OUC-XJD-XUF
752,YUH-0972,SCA-JZR-HOB
753,MIL-3371,EWI-QTW-FSJ
754,PDO-2606,EYU-LBI-PEC
755,FUT-8650,SDJ-MYK-CYO
756,FDG-7392,NAC-TZX-KYR
757,POM-1648,CJH-CLS-CNW
758,PIJ-5202,PXK-HZR-UBF
759,GHV-9759,HPB-CAT-TPK
760,NWD-7203,LJF-ZSR-TKX
761,VVB-6251,YLK-BJL-XWO
762,WVR-6973,OLB-LRO-SFH
763,KCY-1896,GBT-XTP-TUN
764,GTD-1099,TAO-CJP-FCQ
765,IUP-4317,RBL-WWQ-QWI
766,JBM-6876,JXS-VXZ-VNY
767,CCT-8038,DAM-XNE-PJF
768,SXH-0542,TNG-UJU-OIO
769,JSZ-6793,SVG-UZR-BSB
770,ZOU-7265,OXU-GOU-KZW
771,SSB-4398,JBW-ZDQ-BKI
772,IOW-7503,JES-EVV-TVZ
773,PHX-8826,ILF-WHS-UKK
774,XFM-5876,YZP-XCG-CIT
775,QBQ-7528,VPZ-HFP-TNS
776,NXB-0341,QST-WQD-MAM
777,WCG-5721,EUU-KYQ-SJK
778,OTQ-6669,QGM-TGL-KSN
779,JSJ-8681,HMP-CLT-QAI
780,BMO-3620,YXL-NCZ-NWK
781,HDA-8973,DZG-ENF-EUW
782,AOG-3075,HTF-OET-GNN
783,DKQ-1322,QLQ-CVE-NEX
784,BZX-2624,FBN-COU-ZBC
785,HYK-1233,PKW-CDY-WNS
786,FFF-6754,UFA-FBM-GCG
787,MOI-2831,RDB-ZPF-XWI
788,KWQ-5315,OKF-NEQ-QUY
789,OMD-0064,ACM-ONW-BGN
790,GME-5482,CVU-OWI-SGZ
791,AVH-6502,QBG-EQF-VRL
792,KAY-9755,RKN-AYO-MPC
793,YLX-6836,VOJ-KUK-BWD
794,CAC-6976,XMT-NCU-YSK
795,DHM-2908,POU-XVG-KGS
796,HDH-1785,LBN-JHM-VTC
797,GUV-0747,ZDP-JCZ-LOO
798,MSN-9634,UAN-WXY-FLV
799,UDC-9866,SYN-QOX-YLA
800,MVD-2331,BTV-CIL-DFL
801,HAI-5192,XUI-GNH-BXB
802,KJN-2210,ANQ-PLM-ICW
803,TGA-1965,TRK-VXI-TMK
804,UAU-1567,ZRR-NYA-UEG
805,IPE-3885,NUZ-UAD-HQS
806,LNB-2983,IRI-DJP-ZIT
807,USQ-7651,JSX-MUZ-JUK
808,CWS-2579,TDY-QBK-PFA
809,JWJ-9780,UXF-JTS-PHX
810,PBS-4253,CKP-HSZ-UHC
811,MTX-2984,WLS-PKV-ZRX
812,XBS-6525,EMN-ISS-SBB
813,BPU-6283,NDW-GHF-YEF
814,MBH-4605,ECO-XQN-OSR
815,AEO-0580,YXE-PEV-EMM
816,RDL-7076,CHZ-WWA-ZMU
817,PZH-8229,NUP-DYA-LCJ
818,RUZ-7628,NTF-FYW-JAC
819,SOG-1887,XGR-EGC-CDN
820,AUQ-4220,NQQ-ZWZ-BZV
821,MOR-7509,FWA-TWS-CJZ
822,UGB-6765,MRG-DSX-ZTX
823,TNW-7825,GHQ-PAF-PTC
824,LRJ-6014,GSS-RTE-VDP
825,TFY-0320,TIG-JNS-OLH
826,AAN-0473,DSE-KXR-OUT
827,KFC-5943,XNL-GQP-DZN
828,ONG-4659,CIE-OFP-IVU
829,QVX-7463,VYA-OKK-LJE
830,WGT-3161,BNW-TMM-ZQM
831,CIR-4473,SED-QGZ-DZR
832,XXN-4978,AOC-KPP-VER
833,UBE-0694,YDE-BXR-FRD
834,FHQ-3158,MAS-XSA-OYS
835,KNY-6917,ZSJ-PCP-GDH
836,LBS-3828,GWV-RGS-GSH
837,VVO-6173,BTI-TRM-VHW
838,TWM-8611,TGL-QCP-EJW
839,QMK-5986,XIZ-LNZ-UAO
840,UYO-8022,NAS-MVU-MWX
841,NWJ-9360,DZY-ITH-OVG
842,QPG-5953,HFL-ABA-LLI
843,SXV-4629,EOL-TVA-AAZ
844,GPW-2588,KMU-DXT-BIO
845,XEC-9383,EEX-KVM-GYE
846,FVJ-8823,HDM-PEW-TVP
847,ZDD-1866,SWR-KWJ-RWV
848,CVK-5652,DWA-IKQ-QBZ
849,JAY-1324,FRS-DOG-PPL
850,WHM-1287,VNQ-MWN-UCF
851,UIS-6699,CTY-FRQ-VVF
852,CYH-7336,DVI-YFE-GEF
853,RAV-4926,IKC-ZOK-VUO
854,JGQ-8031,WKA-GIH-GYC
855,RSM-3871,YCW-LWW-AFC
856,DGV-7047,DMU-ZBR-ZBB
857,NNY-4804,IGH-WNY-ZUR
858,PVA-6976,QTF-BEV-DAH
859,XZS-6338,WEG-KTA-VHB
860,QBB-3145,JVG-XIG-GGC
861,GYZ-4657,GGV-PQE-UGQ
862,PLR-4797,HEQ-DXU-DQV
863,XJW-7647,YXD-QIP-PFQ
864,PDT-9035,AHI-WKD-LPE
865,QYI-5908,ATX-XHX-PJQ
866,UGQ-7990,ECR-WPJ-FWJ
867,UIQ-4159,PFW-IZY-IHW
868,ZKY-9693,EJL-YDR-PPV
869,SQV-8374,PME-WIR-GLY
870,ENZ-4362,HDT-YIQ-ZYM
871,HOX-2651,CSX-HXW-DAA
872,JVC-0508,DRN-UYZ-FNJ
873,LRB-2892,UUJ-IKJ-BII
874,GSM-2021,WNB-IOG-QWQ
875,OXA-0019,KIP-QPE-WVD
876,NSD-9593,VYW-XNL-QWR
877,UVH-0787,NVR-SGQ-SAW
878,LIA-0822,EOH-ROI-HOY
879,OXT-8828,FAK-DUT-JQM
880,BYY-9199,YYV-WPS-UCY
881,OHG-4673,QOI-PPE-JNU
882,TRY-6683,DSY-PKT-UMR
883,KYG-4927,XVG-ABJ-UEW
884,MKA-2050,FCY-QUG-RFY
885,KKV-0927,ROK-WWQ-TZR
886,SBK-1277,MYP-KHU-CUP
887,PTJ-5956,LTA-DDZ-WMI
888,DOW-7316,OEK-DQX-EIV
889,BJI-6406,BJG-JGH-GEG
890,IUJ-9693,DFQ-NFN-IRP
891,ORI-3750,RKW-XQR-GNN
892,PLH-2750,LSA-AOJ-NRC
893,QIH-2541,WJT-VAH-QOB
894,YDL-1766,GHX-MYF-PEK
895,WUD-0646,GAI-DZY-GNR
896,LRR-7756,NJG-OWR-ZDC
897,FED-4688,JMW-KCY-JPU
898,ATY-7384,RSM-RGF-BLC
899,YHF-1025,UEM-IUG-AMF
900,CNU-0293,GVN-AYA-HMF
901,CLE-2714,JZC-QYH-SSA
902,CBE-8971,UCS-DNZ-HCP
903,VIL-4342,WLR-WIE-XCM
904,WLO-7129,QCT-LXD-IUZ
905,CJG-6918,VHS-DJI-TCT
906,RSH-0755,KES-HWR-DGZ
907,HTC-1131,IZC-MTP-NMS
908,DZE-2722,RSR-LPU-KDJ
909,EZB-8730,HCI-HVN-DRK
910,YEJ-1827,QIU-MBR-KXB
911,UMM-8067,NRJ-LCL-YYC
912,HIU-3043,CJM-NVS-QAR
913,LYS-0238,LNZ-NDA-NSL
914,DLL-2161,OTL-EIZ-XLQ
915,MZS-4349,USH-MUS-PIM
916,FTF-2008,DJS-HNQ-CQL
917,RFW-8578,IKG-AWZ-MBB
918,WIO-5706,UOY-UCL-ZNB
919,VTW-8533,UUN-WTO-VAC
920,ECQ-2406,LUG-PSV-YJU
921,HUA-0388,XRP-CDC-SSJ
922,ZOY-8930,AJQ-RNW-LCQ
923,SOG-2238,HTG-XNJ-BUH
924,NOJ-4482,YKK-YYF-CFB
925,SNH-2687,ZKT-YLQ-WSX
926,DCV-7456,SOW-UNG-IRK
927,DLB-3478,ZIO-DCE-CYC
928,KDQ-6620,SMO-IDG-NEP
929,IAI-9150,GHS-RJW-XUS
930,AKT-2766,MJI-SYR-VXB
931,FGB-0597,MLL-AKB-ICM
932,ZZA-2104,YTA-ZKV-REH
933,LZF-1625,VAQ-LAE-KVR
934,HSO-6883,NRG-SKG-OVT
935,ARW-7449,HQE-GHE-TNA
936,YIK-5546,UOK-CAM-OYM
937,BTW-4230,LWB-QFQ-XDC
938,YDY-6067,ZIR-XAH-RQK
939,REL-2276,BMZ-ZNA-XHL
940,JKV-6380,KMB-UAW-JSH
941,VMK-5687,LFO-MZW-KKR
942,TJZ-3167,RLS-MTJ-YNK
943,PUX-9644,QPL-KHI-CWY
944,GTQ-2624,BJH-BLB-FRA
945,OXZ-6639,XGN-HOU-XMI
946,TYP-2124,DTX-XOV-ZVJ
947,KQE-6986,HAR-JNO-TCA
948,KCT-1496,PCE-LUI-FTO
949,QNE-3689,ZCJ-RGM-TFQ
950,TCM-6781,BZD-VOS-WZL
951,QQW-3963,NXW-YSS-NRJ
952,OQU-0071,GTH-EUL-UPU
953,NZA-7164,QJF-PER-AVA
954,TUE-7476,OEU-SEL-TJO
955,KKR-0060,WZG-DOU-GXH
956,WNG-5793,TPA-JKB-QCK
957,DHQ-5085,LIB-QWK-VHP
958,OFH-4932,UZS-TRC-JRQ
959,CCY-5735,GFB-XCJ-FRC
960,CCK-7772,ALI-HXV-PTS
961,UOC-2573,NFE-QSO-VEK
962,XUT-2539,SNV-EYM-MTU
963,KOY-3442,ZQG-NMI-GNJ
964,HOK-2170,DCG-ZCB-GMV
965,KDJ-1732,XVR-NUM-TAS
966,ZDV-4368,XEL-BME-EBQ
967,FVV-3899,TBX-EFD-KFC
968,SCL-8588,BMX-OGK-KAQ
969,ONV-5078,GHD-IKE-MMQ
970,XGO-2251,CNV-XUG-YLF
971,OOO-9691,QRG-GPD-BXG
972,DUG-8977,BMK-KRO-TTC
973,XSN-0832,EOB-QLQ-UQZ
974,KBL-2203,XSH-TYC-ZHW
975,UTJ-0121,LSV-AAU-HGK
976,BFM-7714,MRC-ARA-YOO
977,XJE-8688,DAA-QVE-JEL
978,NJS-6650,YAK-OOX-ZZE
979,ZZK-7484,RIY-XBK-OXB
980,RNX-3171,PPC-CLU-JGE
981,YRY-5660,DXR-XQQ-ZUY
982,VMT-1911,CIJ-BQI-KVP
983,UHR-3614,XPN-AWG-QZR
984,QKQ-3952,DGM-UND-SMG
985,WGY-0041,HHI-ATN-EJO
986,VUJ-2186,MSU-VIN-EPO
987,QHO-5826,JVH-VMB-FBT
988,TIK-2856,EEE-MDB-JJI
989,TSZ-2673,GJB-HNI-BXY
990,QUV-7405,KBG-CKT-ANX
991,RAF-9025,SVF-QNW-VTF
992,PBH-8364,LTS-LPG-SSW
993,OWC-6071,WOS-DUE-QER
994,YRH-5735,ZNH-UOJ-JVA
995,VSZ-0668,VQT-WEY-PEW
996,BVX-2216,OSZ-CEM-YSZ
997,VEG-5794,EWY-ZPC-AHP
998,CFI-8398,SGP-FMJ-MKG
999,VNP-1954,RVH-GEH-ONF
1000,WAJ-4019,ZOC-MVJ-WRT
